,CORRECT
0,contented
1,begining
2,problem
3,driven
4,ecstacy
5,gui
6,localy
7,compair
8,pronounciation
9,transportability
10,miniscule
11,independant
12,arranged
13,portry
14,leval
15,basicaly
16,triangular
17,unexpected
18,standardizing
19,variable
20,futher
21,monitoring
22,biscuits
23,avaible
24,seperate
25,neccesary
26,definition
27,recent
28,refine
29,initials
30,magnificent
31,ann
32,intial
33,ther
34,experiances
35,built
36,totaly
37,understand
38,southern
39,definately
40,visited
41,voluntary
42,ment
43,recieve
44,sources
45,wether
46,usefull
47,literature
48,valuable
49,delicate
50,clerical
51,splendid
52,beetween
53,completly
54,acount
55,cemetary
56,speical
57,lates
58,perhaps
59,rember
60,chaper
61,cak
62,various
63,febuary
64,pretend
65,chosing
66,rote
67,particular
68,wfall
69,arrangment
70,challenges
71,laugh
72,ofen
73,somone
74,personnel
75,unique
76,diagrammatically
77,discription
78,poems
79,people
80,decide
81,articals
82,possition
83,extented
84,hierarchial
85,realy
86,voting
87,comittee
88,wanted
89,benifits
90,definitions
91,scissors
92,levels
93,paralel
94,accomodation
95,planed
96,hierachy
97,transfered
98,mines
99,ranging
100,accessing
101,stomach
102,unfortunatly
103,considerable
104,acess
105,singular
106,scarcely
107,questionaire
108,esperance
109,possable
110,refreshment
111,embarks
112,vistors
113,auxillary
114,decided
115,benifit
116,concider
117,failes
118,carrer
119,occurence
120,certain
121,plame
122,liew
123,establishing
124,diffrent
125,lones
126,extreamly
127,addressable
128,galery
129,central
130,familes
131,bicycle
132,choise
133,oposite
134,curtains
135,adress
136,liaison
137,managment
138,inconvenient
139,variant
140,supercede
141,appeal
142,emplois
143,encourage
144,permanant
145,mathematical
146,data
147,permenantly
148,hierarchial
149,proviso
150,moveing
151,alow
152,credit
153,availble
154,traditional
155,adaptable
156,latter
157,graphical
158,eventually
159,doubt
160,academic
161,subsequent
162,misleading
163,ordinary
164,associated
165,voluntary
166,enormously
167,table
168,useful
169,thermawere
170,present
171,bewteen
172,appreciation
173,accept
174,suffering
175,comparrison
176,majority
177,umbrella
178,disipline
179,arrangment
180,prepared
181,sufficient
182,wanted
183,orientated
184,input
185,pitting
186,proffit
187,agences
188,accumulated
189,manualy
190,representitive
191,employed
192,continued
193,dragged
194,unresolved
195,compared
196,noe
197,announcing
198,unequaled
199,currently
200,titles
201,reaching
202,approached
203,sugestion
204,availablity
205,detention
206,cancelation
207,transactions
208,belive
209,operating
210,resulting
211,decides
212,unequivocally
213,minutes
214,understandable
215,dependance
216,supposedly
217,subtract
218,sheets
219,consist
220,imidatly
221,exponential
222,overal
223,indeed
224,seperated
225,lengh
226,familys
227,nessisitates
228,discribed
229,primarily
230,sugested
231,possiblities
232,building
233,universal
234,unessasarily
235,begining
236,anf
237,coments
238,thw
239,declarations
240,supervisor
241,questionaire
242,develope
243,unavailable
244,appointments
245,varible
246,repetative
247,equaled
248,bonus
249,demands
250,scrutinised
251,recently
252,clear
253,adequate
254,feeling
255,familar
256,accepted
257,accessing
258,seperation
259,enquiries
260,recieving
261,procedure
262,concieved
263,generated
264,flexable
265,analisi
266,particulary
267,point
268,nation
269,gaming
270,geneva
271,intresting
272,surroundings
273,oppertunity
274,functional
275,togehter
276,aproach
277,scheme
278,occurred
279,preffeson
280,recomend
281,examin
282,their
283,readjusted
284,build
285,organisation
286,unversity
287,utilised
288,opening
289,comercial
290,embellishing
291,desription
292,edition
293,forbiden
294,aplicable
295,committe
296,serch
297,necessity
298,similar
299,buckley
300,econometric
301,again
302,patterns
303,analysing
304,variety
305,widely
306,arrangements
307,challange
308,forth
309,acounts
310,politics
311,decisions
312,sence
313,benificial
314,arguing
315,continually
316,aquaintances
317,extreemly
318,excessively
319,composed
320,seen
321,national
322,sorce
323,monthes
324,progresses
325,wer
326,brif
327,matrix
328,vistor
329,adequately
330,security
331,successive
332,consisting
333,pere
334,comit
335,except
336,conversely
337,decisions
338,union
339,whn
340,hown
341,wil
342,suited
343,necesary
344,essential
345,goverment
346,unessessay
347,disaggregate
348,argument
349,choices
350,conferance
351,proceeding
352,profits
353,apparant
354,ideal
355,ablity
356,responsiblities
357,arte
358,mony
359,serving
360,provid
361,withing
362,sesion
363,fausse
364,anual
365,sumaris
366,reference
367,empolyment
368,et
369,particular
370,surounding
371,chose
372,journalism
373,anoying
374,expence
375,recieve
376,however
377,supplementary
378,virtually
379,forcast
380,hearty
381,combine
382,requested
383,desperatly
384,apreciated
385,safeguard
386,shortened
387,confirmation
388,advantages
389,thees
390,befor
391,progression
392,component
393,numbers
394,adjournment
395,acording
396,oppinion
397,advice
398,career
399,removed
400,accessability
401,negligable
402,students
403,favorable
404,tecniques
405,atmosphere
406,exactly
407,especialy
408,proportions
409,geographical
410,encompassing
411,stoped
412,relavent
413,thay
414,applied
415,eliminated
416,containg
417,conditioning
418,sucessful
419,quiet
420,aggravating
421,erronous
422,weapons
423,corporate
424,inconceivable
425,organised
426,sensible
427,studing
428,examination
429,analisi
430,lonley
431,intrest
432,committees
433,explaining
434,humor
435,shorts
436,timing
437,difficulty
438,curlers
439,register
440,nite
441,appointment
442,servais
443,appologies
444,aproximately
445,throat
446,prior
447,executed
448,anomolies
449,relativly
450,anouncement
451,comparing
452,projects
453,analysed
454,therefore
455,parametres
456,wheras
457,ther
458,discretion
459,handel
460,dissapointing
461,expansion
462,personel
463,senior
464,apologised
465,separate
466,meen
467,guidlines
468,busy
469,easily
470,colgate
471,sysem
472,seeking
473,interrogation
474,drastically
475,dificult
476,ineffiect
477,operator
478,output
479,basse
480,refined
481,controled
482,reffered
483,irrelevent
484,athough
485,years
486,means
487,tecnique
488,niether
489,required
490,correspondance
491,interpretation
492,segment
493,thruout
494,quanties
495,financial
496,inteligence
497,recipes
498,cirsium
499,whould
500,investigated
501,recomending
502,earliest
503,immediate
