ID,CORRECT
0,contented
1,beginning
2,problem
3,driven
4,ecstasy
5,music
6,local
7,compare
8,pronunciation
9,transportibility
10,miniscule
11,independent
12,arranged
13,party
14,level
15,basically
16,triangular
17,unexpected
18,stanerdizing
19,variable
20,further
21,monitoring
22,biscuits
23,available
24,separate
25,necessary
26,definition
27,receipt
28,remind
29,initials
30,magnificent
31,ann
32,initial
33,the
34,experiences
35,built
36,total
37,understand
38,southern
39,definitely
40,visited
41,voluntary
42,meant
43,receive
44,sources
45,weather
46,useful
47,literature
48,valuable
49,delicate
50,clerical
51,splendid
52,between
53,completely
54,account
55,cemetery
56,special
57,latest
58,perhaps
59,member
60,chapter
61,ca
62,various
63,february
64,pretend
65,choosing
66,route
67,particular
68,fall
69,arrangement
70,challenges
71,laugh
72,often
73,someone
74,personnel
75,unique
76,diagrammaticaally
77,description
78,poems
79,purple
80,decide
81,articles
82,position
83,extended
84,hierachial
85,really
86,voting
87,committee
88,wanted
89,benefits
90,definitions
91,scissors
92,levels
93,parallel
94,accommodation
95,planed
96,hierarchy
97,transfer
98,mines
99,arranging
100,accusing
101,stomach
102,unfortunately
103,considerable
104,access
105,singular
106,scarcely
107,questionnaire
108,experience
109,possible
110,refreshment
111,embark
112,visitors
113,axillary
114,decided
115,benefit
116,consider
117,failed
118,carrier
119,occurrence
120,certain
121,page
122,lie
123,establishing
124,different
125,ones
126,extremely
127,addresable
128,gallery
129,central
130,families
131,bicycle
132,choice
133,opposite
134,captains
135,address
136,liaison
137,management
138,inconvenient
139,variant
140,supersede
141,appeal
142,employees
143,encourage
144,permanent
145,mathematical
146,data
147,permanently
148,hierachial
149,proviso
150,moving
151,allow
152,credit
153,available
154,traditional
155,adabtable
156,latter
157,graphicaly
158,eventually
159,doubt
160,academic
161,subsequent
162,misleading
163,ordinary
164,associated
165,voluntary
166,enormously
167,table
168,useful
169,thermawere
170,present
171,beaten
172,appreciation
173,accept
174,suffering
175,comparison
176,majority
177,umbrella
178,discipline
179,arrangement
180,prepared
181,sufficient
182,wasted
183,orentated
184,input
185,pitting
186,profit
187,agencies
188,accumulated
189,manual
190,representative
191,employed
192,contused
193,dragged
194,unresloved
195,compared
196,no
197,announcing
198,unequaled
199,currently
200,titles
201,reaching
202,approached
203,suggestion
204,avaiblity
205,detention
206,cancellation
207,transactions
208,believe
209,operations
210,resulting
211,decides
212,unequivocal
213,minutes
214,understandable
215,dependence
216,supposedly
217,subtrcat
218,sheets
219,consist
220,imidatly
221,exponentualy
222,overall
223,indeed
224,separated
225,length
226,family
227,nessisitates
228,described
229,primarily
230,suggested
231,possibilities
232,building
233,universal
234,unessasarily
235,beginning
236,an
237,comments
238,the
239,declarations
240,supervision
241,questionnaire
242,developer
243,unavailble
244,appointments
245,variable
246,vegetative
247,equaled
248,bones
249,demands
250,scrutinized
251,recently
252,clear
253,adequate
254,feeling
255,families
256,accepted
257,accusing
258,separation
259,equities
260,receiving
261,procedure
262,conceived
263,generate
264,flexible
265,analysis
266,particularly
267,routine
268,nation
269,gaining
270,geneva
271,interesting
272,surroundings
273,opportunity
274,functional
275,together
276,approach
277,scheme
278,occurred
279,preffeson
280,recommend
281,examine
282,their
283,readjusted
284,build
285,organisation
286,university
287,utilised
288,obtaining
289,commercial
290,embelishing
291,description
292,edition
293,forbidden
294,applicable
295,committee
296,search
297,necessity
298,similar
299,luckily
300,economic
301,again
302,patterns
303,analyzing
304,variety
305,widely
306,arrangements
307,change
308,forth
309,accounts
310,politics
311,decisions
312,since
313,beneficial
314,arguing
315,continually
316,aquaintances
317,extremely
318,excessively
319,composed
320,seen
321,national
322,source
323,months
324,progresses
325,were
326,brief
327,matrix
328,visitor
329,adequately
330,security
331,successive
332,consisting
333,pere
334,commit
335,except
336,conversely
337,decisions
338,union
339,when
340,shown
341,will
342,suited
343,necasery
344,essential
345,government
346,unessessay
347,disaggreagte
348,argument
349,chooses
350,conference
351,proceeding
352,profits
353,apparent
354,ideal
355,ability
356,responsibilities
357,are
358,many
359,serving
360,provide
361,within
362,session
363,FALSE
364,manual
365,summary
366,reference
367,employment
368,et
369,particular
370,surrounding
371,chose
372,journalism
373,annoying
374,expense
375,receive
376,however
377,supplementary
378,virtually
379,forecast
380,hearty
381,combine
382,requested
383,desperately
384,appreciated
385,safeguard
386,shortened
387,confirmation
388,advantages
389,themes
390,before
391,progression
392,component
393,numbers
394,adjournment
395,according
396,opinion
397,advice
398,career
399,resolved
400,accessability
401,negligible
402,students
403,favorable
404,technique
405,atmosphere
406,exactly
407,especially
408,proportions
409,geographical
410,encompasing
411,stopped
412,relevant
413,they
414,supplied
415,eliminated
416,contain
417,conditining
418,sucssuful
419,quiet
420,aggravating
421,erroneous
422,weapons
423,corporate
424,inconceivable
425,organised
426,sensible
427,studying
428,examination
429,analysis
430,lonely
431,interest
432,committees
433,explaining
434,humor
435,thorns
436,timing
437,difficulty
438,carriers
439,register
440,note
441,appointment
442,surveys
443,apologies
444,approximately
445,throat
446,prior
447,executed
448,anomalies
449,relatively
450,announcement
451,accompanying
452,projects
453,canalised
454,therefore
455,perametres
456,whereas
457,the
458,discretion
459,handle
460,dissapoiting
461,expansion
462,personal
463,senior
464,apologized
465,separate
466,mean
467,guideline
468,busy
469,easily
470,late
471,system
472,speaking
473,interogationg
474,drasticaly
475,difficult
476,ineffiect
477,operator
478,output
479,base
480,regained
481,controlled
482,referred
483,irrelevant
484,although
485,years
486,means
487,technique
488,neither
489,required
490,correspondence
491,interpretation
492,segment
493,throughout
494,qualities
495,financial
496,intelligence
497,receives
498,citisum
499,should
500,investigated
501,recommending
502,earliest
503,immediate